Material ID,Formula,Chemical System,Density,Volume,Number of Sites,Number of Elements,Crystal System,Space Group Number,Mean Atomic Mass,Volume per Atom
mp-10064,SiO2,Si-O,4.146372204259828,24.062559428747754,3,2,Cubic,225,20.0281,8.020853142915918
mp-1021503,SiO2,Si-O,3.616399587026764,55.17771207397914,6,2,Cubic,224,20.0281,9.19628534566319
mp-1063118,Si2O,Si-O,2.709180112854837,44.23543796551016,3,2,Monoclinic,8,24.0568,14.745145988503387
mp-1071820,SiO2,Si-O,2.434757208771469,81.95669549248659,6,2,Orthorhombic,72,20.0281,13.659449248747764
mp-10851,SiO2,Si-O,2.435533950482232,122.89583673299464,9,2,Hexagonal,181,20.028100000000002,13.655092970332738
mp-10948,SiO2,Si-O,4.216929108859675,94.6397959302569,12,2,Orthorhombic,60,20.0281,7.886649660854741
mp-1103547,Al2Si2O9,Si-Al-O,2.3977384368966885,175.99525891978746,13,3,Triclinic,1,19.548359784615386,13.53809683998365
mp-1103571,Al2Si2O11,Si-Al-O,1.9168841293344836,247.86362791113189,15,3,Monoclinic,8,19.07516514666667,16.524241860742126
mp-11684,SiO2,Si-O,2.905899681230471,274.67521531634554,24,2,Monoclinic,15,20.0281,11.444800638181064
mp-1173536,Si6O13,Si-O,1.9242092658481291,1299.6540560279852,76,2,Monoclinic,6,19.816063157894735,17.100711263526122
mp-1179195,Si2O3,Si-O,1.7392959055103991,994.5232770922947,50,2,Monoclinic,15,20.83384,19.890465541845895
mp-1179275,Si4O9,Si-O,2.006336515027573,848.625214974505,52,2,Tetragonal,141,19.7182,16.319715672586632
mp-1179447,SiO2,Si-O,1.7711175326825737,450.66383562966627,24,2,Tetragonal,141,20.0281,18.777659817902762
mp-1179454,SiO2,Si-O,1.9101332163628038,208.93271050213397,12,2,Tetragonal,139,20.0281,17.411059208511166
mp-1179488,SiO2,Si-O,1.9717222205042593,1416.8452042344081,84,2,Monoclinic,12,20.028100000000002,16.867204812314384
mp-1179508,SiO2,Si-O,3.1290862338775285,95.65635471963952,9,2,Trigonal,154,20.028100000000002,10.628483857737725
mp-1179529,SiO2,Si-O,1.252652426075424,955.7862229154617,36,2,Tetragonal,92,20.028100000000002,26.54961730320727
mp-1179651,Si5O8,Si-O,1.7754862333877692,502.089367918681,26,2,Triclinic,1,20.6479,19.311129535333883
mp-1182905,Al2Si2O11,Si-Al-O,1.4165881556111461,335.40154398448794,15,3,Monoclinic,8,19.07516514666667,22.360102932299196
mp-1183015,Al2SiO5,Si-Al-O,1.7072842412277685,630.435179774833,32,3,Triclinic,2,20.25569715,19.701099367963533
mp-1183020,Al2Si2O11,Si-Al-O,1.7938864206843443,264.85838183716345,15,3,Monoclinic,8,19.07516514666667,17.657225455810895
mp-1183132,AlSiO3,Si-Al-O,3.7963894480575666,45.080689872433354,5,3,Cubic,221,20.61304772,9.016137974486671
mp-1188220,SiO2,Si-O,1.6886419875287537,354.50614748027886,18,2,Cubic,217,20.028100000000002,19.694785971126603
mp-1192629,Al2Si2O9,Si-Al-O,2.4037819606205484,351.1055527803529,26,3,Monoclinic,9,19.548359784615386,13.504059722321266
mp-1192644,Al2Si2O9,Si-Al-O,2.40058078752168,351.5737518329597,26,3,Monoclinic,9,19.548359784615386,13.522067378190759
mp-1192646,Al2Si2O9,Si-Al-O,2.3627482436511213,357.20318333320444,26,3,Monoclinic,9,19.548359784615386,13.738583974354016
mp-1193561,Al3(SiO5)2,Si-Al-O,3.172396424159896,155.51717339939992,15,3,Triclinic,2,19.80730772,10.367811559959994
mp-1194176,Al2Si2O9,Si-Al-O,2.286982170696273,369.0370676524197,26,3,Triclinic,1,19.548359784615386,14.19373337124691
mp-1194828,Si17O37,Si-O,1.7599115238745437,2018.092876926347,108,2,Monoclinic,12,19.804283333333334,18.686045156725434
mp-1195265,SiO2,Si-O,1.7365340535461955,5515.666927461929,288,2,Orthorhombic,62,20.028100000000002,19.151621275909477
mp-1196880,Al2SiO6,Si-Al-O,3.238441057009568,365.17649753190744,36,3,Orthorhombic,62,19.782775244444444,10.14379159810854
mp-1199711,Si18O29,Si-O,1.7242737257735874,3734.7399566493805,188,2,Monoclinic,10,20.62811914893617,19.86563806728394
mp-1199998,SiO2,Si-O,1.5139601846520503,2504.259019772263,114,2,Monoclinic,12,20.028100000000002,21.96718438396722
mp-1200292,SiO2,Si-O,1.6982994006212775,5639.84386030652,288,2,Monoclinic,14,20.028100000000002,19.58279118161986
mp-1200685,SiO2,Si-O,1.715003668599166,930.8185577021425,48,2,Orthorhombic,21,20.0281,19.3920532854613
mp-1201477,Al2Si2O9,Si-Al-O,2.361527644254293,714.7756208575952,52,3,Monoclinic,9,19.548359784615386,13.745685016492216
mp-1201738,SiO2,Si-O,2.8045766199971056,1138.3944584555557,96,2,Monoclinic,14,20.0281,11.858275608912038
mp-1201887,SiO2,Si-O,1.6525195465704015,1449.0212033247046,72,2,Hexagonal,192,20.028100000000002,20.1252944906209
mp-1203655,SiO2,Si-O,1.6630227784237275,2879.7391027423755,144,2,Tetragonal,127,20.028100000000002,19.998188213488717
mp-1204026,SiO2,Si-O,2.546141584204552,1880.9133606268977,144,2,Cubic,230,20.028100000000002,13.06189833768679
mp-1204057,SiO2,Si-O,1.563004391966636,4596.0252079832,216,2,Hexagonal,191,20.0281,21.277894481403703
mp-1204070,SiO2,Si-O,2.869771887922255,625.7995292152056,54,2,Triclinic,2,20.0281,11.588880170651954
mp-1205213,SiO2,Si-O,1.7872991803873215,4019.2529960822626,216,2,Orthorhombic,47,20.0281,18.607652759640104
mp-1208867,Si2O,Si-O,1.1701844817851879,204.82542827222937,6,2,Cubic,227,24.0568,34.1375713787049
mp-1219421,Si3O8,Si-O,2.15460617014736,654.3232729544848,44,2,Orthorhombic,19,19.295609090909092,14.87098347623829
mp-1221354,Si48O107,Si-O,1.3743744782890073,3697.18422498357,155,2,Orthorhombic,44,19.742192258064517,23.852801451506902
mp-1228240,AlSi3O8,Si-Al-O,2.0554915359502757,386.53152526449526,24,3,Monoclinic,4,19.936103216666666,16.105480219353968
mp-1228255,AlSi3O8,Si-Al-O,2.1780842325256664,364.77573580238374,24,3,Triclinic,2,19.936103216666666,15.198988991765988
mp-1228295,AlSi3O8,Si-Al-O,2.3360976664567397,340.1023381715848,24,3,Triclinic,2,19.936103216666666,14.170930757149366
mp-1228858,Al8SiO14,Si-Al-O,2.8832695176665144,538.9819162225883,46,3,Orthorhombic,26,20.34475690434783,11.71699817875192
mp-1229033,Al(SiO3)2,Si-Al-O,2.1652763549541425,137.38838048095275,9,3,Orthorhombic,21,19.905437622222223,15.26537560899475
mp-1229057,AlSi3O8,Si-Al-O,1.9782180856357385,401.6302774341426,24,3,Monoclinic,7,19.936103216666666,16.734594893089277
mp-1229099,Al(SiO3)2,Si-Al-O,2.27920202716801,522.0841472670758,36,3,Tetragonal,96,19.905437622222223,14.502337424085438
mp-1229207,Al(SiO3)2,Si-Al-O,1.3517947051490133,880.2632842627015,36,3,Triclinic,1,19.905437622222223,24.45175789618615
mp-12350,SiO2,Si-O,0.8927451746504805,894.0721756823554,24,2,Cubic,227,20.0281,37.25300732009814
mp-1244945,SiO2,Si-O,2.0820942021270126,1437.576563204275,90,2,Triclinic,1,20.0281,15.973072924491946
mp-1244965,SiO2,Si-O,2.0641751409489975,1643.3969532820543,102,2,Triclinic,1,20.0281,16.11173483609857
mp-1244968,SiO2,Si-O,2.011112768518672,1686.757297142904,102,2,Triclinic,1,20.0281,16.53683624649906
mp-1245026,SiO2,Si-O,2.0857732878108113,1626.379605827913,102,2,Triclinic,1,20.0281,15.94489809635209
mp-1247816,Al8SiO14,Si-Al-O,1.2040576047995413,1290.6609479675187,46,3,Orthorhombic,26,20.34475690434783,28.057846694946058
mp-1247851,Al10Si2O19,Si-Al-O,2.951428840559345,354.437844585498,31,3,Monoclinic,6,20.32177374193548,11.43347885759671
mp-1247887,Al10Si2O19,Si-Al-O,2.9490635875863194,354.7221162333484,31,3,Monoclinic,6,20.32177374193548,11.442648910753174
mp-1247890,Al2SiO5,Si-Al-O,3.021311004149249,712.493381890849,64,3,Monoclinic,6,20.25569715,11.132709092044516
mp-1247920,Al8(SiO6)3,Si-Al-O,3.0101854715625613,324.41845500620735,29,3,Monoclinic,6,20.27924168275862,11.186843276076116
mp-1248957,SiO2,Si-O,1.6304018583838011,1958.2377596671902,96,2,Monoclinic,12,20.0281,20.398309996533232
mp-1249090,SiO2,Si-O,1.4151135114087607,2397.1639803644493,102,2,Hexagonal,176,20.0281,23.501607650631858
mp-1249332,SiO2,Si-O,1.5679120739539227,2290.8196527728965,108,2,Hexagonal,194,20.0281,21.211293081230522
mp-1249637,SiO2,Si-O,1.5295459049773563,3652.8817645982786,168,2,Monoclinic,12,20.028100000000002,21.743343836894514
mp-1249969,SiO2,Si-O,1.609733477424321,1239.613003990601,60,2,Triclinic,2,20.028100000000002,20.660216733176686
mp-1250261,SiO2,Si-O,1.6067296809902027,1117.7374250720209,54,2,Hexagonal,187,20.0281,20.698841205037425
mp-1250551,SiO2,Si-O,1.804289751542909,6193.29610405414,336,2,Orthorhombic,64,20.028100000000002,18.432428881113513
mp-1250639,SiO2,Si-O,1.7156107720643832,6978.668765898773,360,2,Trigonal,148,20.0281,19.38519101638548
mp-1250755,Si3O7,Si-O,1.8474296157166994,352.79786438736227,20,2,Triclinic,1,19.62523,17.639893219368112
mp-1256499,SiO2,Si-O,1.7955349599027108,2667.211628136479,144,2,Cubic,230,20.028100000000002,18.522302973169992
mp-1256614,SiO2,Si-O,1.6457476093178172,2182.475473455134,108,2,Hexagonal,194,20.0281,20.208106235695684
mp-1257168,SiO2,Si-O,1.5798091795262081,3789.2802069411478,180,2,Hexagonal,178,20.0281,21.0515567052286
mp-1258196,SiO2,Si-O,1.7807076755692732,1905.0061861454426,102,2,Monoclinic,3,20.0281,18.676531236720024
mp-1265115,SiO2,Si-O,2.088805192343383,382.12209714694416,24,2,Tetragonal,87,20.0281,15.92175404778934
mp-1268079,SiO2,Si-O,1.6058095737083118,3976.454661614391,192,2,Monoclinic,14,20.0281,20.710701362574955
mp-12787,SiO2,Si-O,2.638756646234437,226.86213460666156,18,2,Monoclinic,15,20.028100000000002,12.603451922592308
mp-1344662,AlSi3O8,Si-Al-O,2.178084380061492,364.77571109374986,24,3,Triclinic,2,19.936103216666666,15.198987962239578
mp-1353259,SiO2,Si-O,1.2482126641255813,959.1858545861247,36,2,Tetragonal,96,20.028100000000002,26.64405151628124
mp-1365799,SiO2,Si-O,0.5719008336494148,2791.3182624209176,48,2,Tetragonal,141,20.0281,58.15246380043578
mp-1391176,SiO4,Si-O,1.9821640511248029,231.42522191919176,15,2,Triclinic,1,18.41662,15.428348127946117
mp-1398433,SiO2,Si-O,2.033581259998318,196.24950237551354,12,2,Triclinic,1,20.0281,16.354125197959462
mp-15078,SiO2,Si-O,1.7714059441818617,1013.8285367706783,54,2,Orthorhombic,71,20.0281,18.77460253279034
mp-16964,SiO2,Si-O,1.956706232252907,611.8792444208716,36,2,Orthorhombic,36,20.028100000000002,16.996645678357545
mp-17279,SiO2,Si-O,1.6805139235541446,949.9220559167986,48,2,Monoclinic,12,20.0281,19.790042831599973
mp-17909,SiO2,Si-O,1.5120982725207326,791.7924070825253,36,2,Trigonal,166,20.028100000000002,21.994233530070147
mp-18280,SiO2,Si-O,1.7092876121826952,700.448492349192,36,2,Monoclinic,12,20.028100000000002,19.456902565255334
mp-2374583,SiO2,Si-O,2.6312563843426218,606.6901160823915,48,2,Tetragonal,125,20.0281,12.639377418383155
mp-28503,Al10Si2O19,Si-Al-O,3.0352883639051917,689.2907370088708,62,3,Orthorhombic,36,20.32177374193548,11.117592532401142
mp-32566,Si3O,Si-O,2.1294689373238453,312.7142846215067,16,2,Monoclinic,15,25.063975,19.54464278884417
mp-32667,SiO2,Si-O,4.195638145622622,142.68007504336956,18,2,Monoclinic,14,20.028100000000002,7.926670835742753
mp-32761,SiO,Si-O,2.5801999474067014,170.2302929034805,12,2,Hexagonal,181,22.042450000000002,14.185857741956708
mp-32881,Si3O,Si-O,2.1447780668803227,310.48217325699835,16,2,Monoclinic,15,25.063975,19.405135828562397
mp-32895,SiO2,Si-O,1.2925538610264087,3705.123529610678,144,2,Cubic,227,20.028100000000002,25.730024511185263
mp-34150,SiO2,Si-O,1.636679902657333,975.3631352517338,48,2,Monoclinic,12,20.0281,20.320065317744454
mp-4753,Al2SiO5,Si-Al-O,3.1566437780709897,340.9735539443443,32,3,Orthorhombic,58,20.25569715,10.65542356076076
mp-4934,Al2SiO5,Si-Al-O,3.250832006462754,331.09433074529426,32,3,Orthorhombic,62,20.25569715,10.346697835790446
mp-5065,Al2SiO5,Si-Al-O,3.6770839190184095,292.7134847203847,32,3,Triclinic,2,20.25569715,9.147296397512022
mp-530027,Si6O13,Si-O,1.7264021181069964,1448.5654012914977,76,2,Hexagonal,192,19.816063157894735,19.060071069624968
mp-530546,SiO2,Si-O,1.6368751528507814,3291.457922045618,162,2,Hexagonal,175,20.028100000000002,20.317641494108752
mp-532105,SiO2,Si-O,1.6128370494366637,3340.514586474914,162,2,Hexagonal,191,20.028100000000002,20.620460410338975
mp-542814,SiO2,Si-O,2.2357112178231136,1071.0398743808114,72,2,Orthorhombic,19,20.028100000000002,14.875553810844602
mp-545488,SiO2,Si-O,2.3779010503725755,167.83259768202274,12,2,Monoclinic,13,20.0281,13.986049806835227
mp-545719,SiO2,Si-O,2.188688700324228,182.34174200091564,12,2,Tetragonal,98,20.0281,15.19514516674297
mp-546546,SiO2,Si-O,2.0893477151957516,143.2585780524745,9,2,Trigonal,155,20.028100000000002,15.917619783608277
mp-546794,SiO2,Si-O,2.2236128861254056,89.73893630609501,6,2,Tetragonal,122,20.0281,14.956489384349169
mp-553881,SiO2,Si-O,3.062423753943854,130.31812132494207,12,2,Monoclinic,7,20.0281,10.859843443745172
mp-553945,SiO2,Si-O,1.7080821026103659,1869.180923820624,96,2,Orthorhombic,31,20.0281,19.4706346231315
mp-553993,SiO2,Si-O,1.554712693898648,1026.7860084529711,48,2,Tetragonal,141,20.0281,21.391375176103566
mp-554089,SiO2,Si-O,2.2578720498038316,176.75461740602768,12,2,Orthorhombic,33,20.0281,14.729551450502306
mp-554151,SiO2,Si-O,2.0908632096703403,190.87298894974714,12,2,Tetragonal,82,20.0281,15.906082412478929
mp-554175,SiO2,Si-O,1.624857146007125,982.4600551391235,48,2,Tetragonal,140,20.0281,20.467917815398405
mp-554243,SiO2,Si-O,1.8514146589109108,323.3386765039466,18,2,Hexagonal,179,20.028100000000002,17.96325980577481
mp-554258,SiO2,Si-O,1.8024077515419816,885.6804127110838,48,2,Tetragonal,140,20.0281,18.451675264814245
mp-554267,SiO2,Si-O,1.928351744994017,827.8350904618346,48,2,Tetragonal,141,20.0281,17.246564384621554
mp-554397,SiO2,Si-O,2.42924853706417,328.57017651816955,24,2,Orthorhombic,54,20.0281,13.690424021590397
mp-554498,SiO2,Si-O,2.052495757493227,583.3229747606287,36,2,Hexagonal,177,20.028100000000002,16.20341596557302
mp-554543,SiO2,Si-O,1.8248092853011744,437.40385752034615,24,2,Tetragonal,140,20.0281,18.225160730014423
mp-554573,SiO2,Si-O,2.2062458042303836,180.8906829645195,12,2,Orthorhombic,40,20.0281,15.074223580376625
mp-554665,SiO2,Si-O,2.117190556733614,376.9989517906709,24,2,Tetragonal,132,20.0281,15.70828965794462
mp-554682,SiO2,Si-O,1.6930091848344733,2828.733456780571,144,2,Tetragonal,82,20.028100000000002,19.643982338753965
mp-554755,SiO2,Si-O,1.4651788999708466,2179.0611935390584,96,2,Tetragonal,131,20.0281,22.698554099365193
mp-554946,SiO2,Si-O,1.7084841634074466,2803.111568928227,144,2,Orthorhombic,44,20.028100000000002,19.466052562001575
mp-555147,SiO2,Si-O,2.639877869344921,151.17718700140955,12,2,Monoclinic,9,20.0281,12.59809891678413
mp-555165,SiO2,Si-O,2.5155044922413228,634.6071915924107,48,2,Tetragonal,142,20.0281,13.220983158175223
mp-555211,SiO2,Si-O,1.5479107658428222,1031.2979769154574,48,2,Tetragonal,139,20.0281,21.485374519072028
mp-555235,SiO2,Si-O,2.1950237327034943,181.81548762723517,12,2,Monoclinic,9,20.0281,15.151290635602932
mp-555251,SiO2,Si-O,1.8597475365084972,214.59327273211113,12,2,Orthorhombic,46,20.0281,17.882772727675928
mp-555355,SiO2,Si-O,2.253858050320162,531.2082235056669,36,2,Hexagonal,177,20.028100000000002,14.755783986268524
mp-555394,SiO2,Si-O,0.5719008336494148,2791.3182624209176,48,2,Orthorhombic,74,20.0281,58.15246380043578
mp-555411,SiO2,Si-O,2.399480347158499,332.64645054288303,24,2,Orthorhombic,70,20.0281,13.860268772620126
mp-555483,SiO2,Si-O,2.4353772615719738,163.87165824864348,12,2,Orthorhombic,70,20.0281,13.655971520720291
mp-555497,SiO2,Si-O,2.7102967157872717,883.4958356924722,72,2,Cubic,206,20.028100000000002,12.27077549572878
mp-555521,SiO2,Si-O,1.6989712398893289,1879.2045489402703,96,2,Tetragonal,141,20.0281,19.575047384794484
mp-555544,SiO2,Si-O,2.0154250662857365,396.0348781910594,24,2,Orthorhombic,70,20.0281,16.501453257960808
mp-555556,SiO2,Si-O,2.001834016700103,797.4473547466503,48,2,Tetragonal,135,20.0281,16.61348655722188
mp-555676,SiO2,Si-O,2.252291924936925,354.38506518289466,24,2,Orthorhombic,48,20.0281,14.766044382620612
mp-555700,SiO2,Si-O,1.8506983036436861,862.5702190986093,48,2,Tetragonal,141,20.0281,17.970212897887695
mp-555740,SiO2,Si-O,2.648581061455718,301.3608426962711,24,2,Cubic,206,20.0281,12.556701779011297
mp-555791,SiO2,Si-O,1.1062949829773714,4328.928357687431,144,2,Cubic,229,20.028100000000002,30.062002483940496
mp-555823,SiO2,Si-O,2.1438597790216876,558.4637310052392,36,2,Hexagonal,177,20.028100000000002,15.5128814168122
mp-555891,SiO2,Si-O,2.246806325836915,177.62514985183805,12,2,Monoclinic,4,20.0281,14.802095820986503
mp-555960,SiO2,Si-O,0.9377696221568234,1702.291483475245,48,2,Triclinic,2,20.0281,35.464405905734274
mp-556027,SiO2,Si-O,1.6234637612411913,368.7387299699159,18,2,Trigonal,167,20.028100000000002,20.48548499832866
mp-556044,SiO2,Si-O,1.7590087891581896,680.6492033035814,36,2,Trigonal,163,20.028100000000002,18.906922313988375
mp-556068,SiO2,Si-O,0.7612361597405772,3145.5886997079538,72,2,Cubic,229,20.028100000000002,43.688731940388244
mp-556088,SiO2,Si-O,1.7173086981809087,929.5691816796422,48,2,Orthorhombic,68,20.0281,19.366024618325877
mp-556132,SiO2,Si-O,2.9154290338830586,273.77741366819885,24,2,Orthorhombic,54,20.0281,11.407392236174951
mp-556218,SiO2,Si-O,1.944477376464736,615.72736481063,36,2,Orthorhombic,36,20.028100000000002,17.103537911406388
mp-556257,SiO2,Si-O,1.7970689732833465,2664.9348438909233,144,2,Cubic,228,20.028100000000002,18.506491971464744
mp-556262,SiO2,Si-O,1.716331363579386,930.0985084431348,48,2,Triclinic,2,20.0281,19.377052259231977
mp-556319,SiO2,Si-O,2.302595508962697,173.32150121956357,12,2,Triclinic,1,20.0281,14.443458434963631
mp-556376,SiO2,Si-O,2.7030907824650745,147.6418449960055,12,2,Monoclinic,3,20.0281,12.303487083000457
mp-556454,SiO2,Si-O,1.897337337467329,841.3671147115383,48,2,Orthorhombic,21,20.0281,17.52848155649038
mp-556464,SiO2,Si-O,2.6662826667389865,449.0401358715822,36,2,Trigonal,163,20.028100000000002,12.47333710754395
mp-556469,SiO2,Si-O,1.7720229441777187,900.8671397311535,48,2,Triclinic,2,20.0281,18.7680654110657
mp-556537,SiO2,Si-O,2.269911809352473,527.4512983330652,36,2,Cubic,199,20.028100000000002,14.651424953696257
mp-556553,SiO2,Si-O,2.5595497004538172,155.9216881954196,12,2,Monoclinic,5,20.0281,12.993474016284965
mp-556564,SiO2,Si-O,2.5522394086559617,625.4731573555706,48,2,Tetragonal,126,20.0281,13.030690778241054
mp-556588,SiO2,Si-O,2.9749959128818464,134.1478516278855,12,2,Triclinic,1,20.0281,11.178987635657124
mp-556591,SiO2,Si-O,1.673436391924051,1073.1820492752172,54,2,Orthorhombic,69,20.0281,19.873741653244764
mp-556654,SiO2,Si-O,2.0830625246083208,1149.5266385915536,72,2,Monoclinic,14,20.028100000000002,15.965647758216022
mp-556662,SiO2,Si-O,2.325950049642265,171.58120415192076,12,2,Monoclinic,5,20.0281,14.29843367932673
mp-556788,SiO2,Si-O,2.6965217650718714,148.001516429148,12,2,Triclinic,1,20.0281,12.333459702429002
mp-556812,SiO2,Si-O,2.8755654183134434,208.17956762860442,18,2,Trigonal,167,20.028100000000002,11.565531534922467
mp-556880,SiO2,Si-O,2.2458001867837947,177.70472754585288,12,2,Triclinic,1,20.0281,14.80872729548774
mp-556882,SiO2,Si-O,2.600645055479301,613.8312638612458,48,2,Monoclinic,14,20.0281,12.788151330442622
mp-556961,SiO2,Si-O,2.3608609110522343,338.08794787234274,24,2,Orthorhombic,19,20.0281,14.086997828014281
mp-556963,SiO2,Si-O,2.255075583119296,530.9214200654055,36,2,Trigonal,162,20.028100000000002,14.747817224039043
mp-556985,SiO2,Si-O,1.9562247053256876,204.00995306334002,12,2,Triclinic,1,20.0281,17.000829421945003
mp-556994,SiO2,Si-O,2.320045639110383,172.01787050528444,12,2,Triclinic,1,20.0281,14.334822542107036
mp-557004,SiO2,Si-O,1.790678150075335,668.6114592363509,36,2,Triclinic,1,20.028100000000002,18.57254053434308
mp-557017,SiO2,Si-O,2.430151028602173,656.8963091061819,48,2,Tetragonal,126,20.0281,13.685339773045456
mp-557024,SiO2,Si-O,1.6432409718332686,2914.4062288291093,144,2,Cubic,223,20.028100000000002,20.238932144646594
mp-557076,SiO2,Si-O,2.1598654903028063,554.3252282699633,36,2,Trigonal,167,20.028100000000002,15.397923007498981
mp-557118,SiO2,Si-O,2.4321882915713484,164.08651899931755,12,2,Orthorhombic,20,20.0281,13.673876583276462
mp-557134,SiO2,Si-O,2.2947180023944176,173.91649427006325,12,2,Monoclinic,5,20.0281,14.493041189171938
mp-557194,SiO2,Si-O,2.0840597538454078,287.2441466074515,18,2,Trigonal,162,20.028100000000002,15.958008144858418
mp-557211,SiO2,Si-O,1.6515532750565094,1449.8689797379423,72,2,Hexagonal,193,20.028100000000002,20.137069163026975
mp-557244,SiO2,Si-O,2.5953910157930746,153.76847183578997,12,2,Orthorhombic,24,20.0281,12.814039319649163
mp-557264,SiO2,Si-O,2.064259521652424,773.3316593746347,48,2,Orthorhombic,36,20.0281,16.111076236971556
mp-557465,SiO2,Si-O,2.4539599271649544,325.2614730150914,24,2,Orthorhombic,56,20.0281,13.552561375628807
mp-557591,SiO2,Si-O,1.9032425856823765,1258.1348693553516,72,2,Cubic,223,20.028100000000002,17.474095407713218
mp-557653,SiO2,Si-O,2.7915883185407586,142.96137709999263,12,2,Monoclinic,6,20.0281,11.913448091666053
mp-557723,SiO2,Si-O,2.1580667964202473,554.7872442736806,36,2,Hexagonal,181,20.028100000000002,15.410756785380016
mp-557771,SiO2,Si-O,1.5194185799856932,787.9776821972209,36,2,Trigonal,167,20.028100000000002,21.888268949922804
mp-557814,SiO2,Si-O,2.0860349776984255,2295.777288002131,144,2,Cubic,223,20.028100000000002,15.942897833348134
mp-557837,SiO2,Si-O,2.2830382932752977,174.80622707484125,12,2,Monoclinic,15,20.0281,14.567185589570103
mp-557873,SiO2,Si-O,2.0335811623273736,196.2495118011881,12,2,Triclinic,1,20.0281,16.354125983432343
mp-557881,SiO2,Si-O,1.7659786632053411,677.9628519245057,36,2,Monoclinic,8,20.028100000000002,18.83230144234738
mp-557894,SiO2,Si-O,1.645014779845564,1940.8424298889604,96,2,Monoclinic,11,20.0281,20.21710864467667
mp-557930,SiO2,Si-O,2.311617456409678,345.2900991106816,24,2,Tetragonal,121,20.0281,14.387087462945066
mp-557933,SiO2,Si-O,1.9278907357728643,1242.0495713047258,72,2,Orthorhombic,74,20.028100000000002,17.250688490343414
mp-558025,SiO2,Si-O,1.8215681048149577,1971.8196554602207,108,2,Orthorhombic,58,20.0281,18.25758940240945
mp-558115,SiO2,Si-O,1.7003261266561067,2347.1339060095274,120,2,Trigonal,148,20.028100000000002,19.559449216746064
mp-558200,SiO2,Si-O,2.4133102508879833,330.74016087901987,24,2,Tetragonal,118,20.0281,13.780840036625827
mp-558203,SiO2,Si-O,1.2834227854391267,2487.656069956964,96,2,Tetragonal,127,20.0281,25.91308406205171
mp-558301,SiO2,Si-O,1.6243095288576945,982.7912801706008,48,2,Monoclinic,12,20.0281,20.474818336887516
mp-558326,SiO2,Si-O,1.7500924327960043,2052.350907600449,108,2,Orthorhombic,74,20.0281,19.0032491444486
mp-558351,SiO2,Si-O,1.7619359395560419,679.5184229264299,36,2,Monoclinic,12,20.028100000000002,18.875511747956388
mp-558366,SiO2,Si-O,2.390463265831626,333.90122828430015,24,2,Orthorhombic,50,20.0281,13.912551178512507
mp-558374,SiO2,Si-O,2.10675617442652,1136.598478246233,72,2,Cubic,205,20.028100000000002,15.786089975642126
mp-558564,SiO2,Si-O,1.7411053255391458,687.6481930085284,36,2,Monoclinic,12,20.028100000000002,19.101338694681345
mp-558569,SiO2,Si-O,2.1990845828844714,1088.8784726725698,72,2,Trigonal,148,20.028100000000002,15.12331212045236
mp-558598,SiO2,Si-O,1.9200921227653707,623.5471291972076,36,2,Cubic,211,20.028100000000002,17.32075358881132
mp-558733,SiO2,Si-O,4.07667960167212,146.84351579327443,18,2,Monoclinic,15,20.028100000000002,8.157973099626357
mp-558891,SiO2,Si-O,2.3029446190482643,519.885680724408,36,2,Cubic,230,20.028100000000002,14.441268909011333
mp-558931,SiO2,Si-O,1.8870732366984981,2537.830345237013,144,2,Cubic,226,20.028100000000002,17.6238218419237
mp-558947,SiO2,Si-O,1.6616503335779915,2882.1176314910276,144,2,Tetragonal,129,20.028100000000002,20.014705774243247
mp-559091,SiO2,Si-O,2.095487932863067,190.4517339642055,12,2,Hexagonal,182,20.0281,15.870977830350457
mp-559273,SiO2,Si-O,0.7032456156343623,3404.9780171456155,72,2,Hexagonal,180,20.028100000000002,47.29136134924466
mp-559313,SiO2,Si-O,1.9199645952999949,415.72569753816936,24,2,Orthorhombic,64,20.0281,17.32190406409039
mp-559347,SiO2,Si-O,2.449122480454502,651.8078430128619,48,2,Tetragonal,133,20.0281,13.579330062767957
mp-559360,SiO2,Si-O,1.7170908788521317,1394.5306514526337,72,2,Monoclinic,11,20.028100000000002,19.36848127017547
mp-559389,SiO2,Si-O,2.7175928749844847,220.28095929405075,18,2,Trigonal,148,20.028100000000002,12.237831071891708
mp-559550,SiO2,Si-O,1.8684312370492688,320.3938970843026,18,2,Trigonal,148,20.028100000000002,17.799660949127922
mp-559605,SiO2,Si-O,1.949074474104011,307.13755345210785,18,2,Trigonal,166,20.028100000000002,17.06319741400599
mp-559740,SiO2,Si-O,1.3486851967927966,887.7297191306384,36,2,Hexagonal,194,20.028100000000002,24.659158864739954
mp-559829,SiO2,Si-O,1.0428148614154806,4592.44675251133,144,2,Cubic,230,20.028100000000002,31.89199133688423
mp-559860,SiO2,Si-O,2.128022249738835,375.0800165400701,24,2,Orthorhombic,68,20.0281,15.628334022502921
mp-559872,SiO2,Si-O,2.4343814244354123,491.8160806383052,36,2,Tetragonal,96,20.028100000000002,13.661557795508479
mp-559928,SiO2,Si-O,1.5841616196646702,377.8869264608092,18,2,Hexagonal,194,20.028100000000002,20.99371813671162
mp-559962,SiO2,Si-O,1.37723433646546,1738.655360593452,72,2,Cubic,225,20.028100000000002,24.147991119353502
mp-560064,SiO2,Si-O,1.4935594293917893,2137.6547994604152,96,2,Monoclinic,15,20.0281,22.267237494379327
mp-560131,SiO2,Si-O,1.8510936108866562,431.1930071690753,24,2,Tetragonal,121,20.0281,17.966375298711473
mp-560152,SiO2,Si-O,2.2874446280528264,697.8779821298881,48,2,Tetragonal,114,20.0281,14.539124627706002
mp-560155,SiO2,Si-O,1.7564332820520412,1022.4708873192303,54,2,Monoclinic,13,20.0281,18.934646061467227
mp-560203,SiO2,Si-O,2.726997283113123,439.0425829752664,36,2,Orthorhombic,60,20.028100000000002,12.19562730486851
mp-560336,SiO2,Si-O,1.6424850745409176,1943.831656072185,96,2,Orthorhombic,74,20.0281,20.248246417418596
mp-560527,SiO2,Si-O,1.7936947136081218,444.9913436072388,24,2,Orthorhombic,63,20.0281,18.54130598363495
mp-560708,SiO2,Si-O,1.7705096713618853,1577.8649602376963,84,2,Monoclinic,10,20.028100000000002,18.784106669496385
mp-560754,SiO2,Si-O,2.3836140997731263,669.7213451671146,48,2,Tetragonal,125,20.0281,13.952528024314887
mp-560809,SiO2,Si-O,1.8530867710822996,1292.1876618278939,72,2,Orthorhombic,63,20.028100000000002,17.947050858720747
mp-560826,SiO2,Si-O,1.834748765748431,652.5514300897374,36,2,Orthorhombic,63,20.028100000000002,18.126428613603817
mp-560836,SiO2,Si-O,1.760888377983468,679.9226719388113,36,2,Cubic,195,20.028100000000002,18.8867408871892
mp-560920,SiO2,Si-O,1.6328571311461966,1955.2932229150797,96,2,Orthorhombic,63,20.0281,20.367637738698747
mp-560941,SiO2,Si-O,1.5588519304230077,2048.119144742854,96,2,Orthorhombic,63,20.0281,21.33457442440473
mp-560954,SiO2,Si-O,2.080419526483269,383.6623385182876,24,2,Tetragonal,98,20.0281,15.985930771595315
mp-560973,SiO2,Si-O,1.8097724868152045,992.3357270046496,54,2,Orthorhombic,63,20.0281,18.37658753712314
mp-560998,SiO2,Si-O,1.7702382229559253,1014.4972993623425,54,2,Orthorhombic,65,20.0281,18.786987025228566
mp-561090,SiO2,Si-O,1.6921728962259657,2004.67644012137,102,2,Cubic,227,20.0281,19.653690589425196
mp-561181,SiO2,Si-O,1.5091952271684672,1851.0694454323457,84,2,Orthorhombic,38,20.028100000000002,22.036541017051736
mp-561291,SiO2,Si-O,2.2506503798868107,354.64354115712155,24,2,Tetragonal,116,20.0281,14.776814214880064
mp-561301,SiO2,Si-O,2.3677804450912388,2022.5995757784617,144,2,Cubic,224,20.028100000000002,14.045830387350428
mp-561351,SiO2,Si-O,1.8420539885931122,1299.9270796171886,72,2,Orthorhombic,59,20.028100000000002,18.05454277246095
mp-561488,SiO2,Si-O,1.7460754934653342,685.6908165914243,36,2,Trigonal,166,20.028100000000002,19.046967127539563
mp-562490,SiO2,Si-O,1.8623725898254062,214.29079900292862,12,2,Monoclinic,15,20.0281,17.857566583577384
mp-572283,SiO2,Si-O,2.6327511742160397,606.3456573083515,48,2,Tetragonal,85,20.0281,12.63220119392399
mp-600000,SiO2,Si-O,1.792571663140008,445.27013175670066,24,2,Orthorhombic,74,20.0281,18.552922156529196
mp-600001,SiO2,Si-O,1.627087941451441,306.59783358024345,15,2,Tetragonal,115,20.028100000000002,20.43985557201623
mp-600002,SiO2,Si-O,1.7740822709998876,449.91071365580996,24,2,Tetragonal,131,20.0281,18.74627973565875
mp-600003,SiO2,Si-O,1.790488309104226,891.5764672364769,48,2,Tetragonal,139,20.0281,18.57450973409327
mp-600004,SiO2,Si-O,1.88356291074989,635.6400012505338,36,2,Orthorhombic,63,20.028100000000002,17.65666670140372
mp-600005,SiO2,Si-O,1.6537477001767678,965.2967263922578,48,2,Cubic,229,20.0281,20.11034846650537
mp-600006,SiO2,Si-O,1.9766148824809164,1009.5272322697714,60,2,Tetragonal,124,20.028100000000002,16.825453871162857
mp-600007,SiO2,Si-O,1.7191369746914218,696.4354490481621,36,2,Orthorhombic,51,20.028100000000002,19.345429140226727
mp-600014,SiO2,Si-O,1.811308265800186,1321.9924554538477,72,2,Orthorhombic,62,20.028100000000002,18.361006325747883
mp-600015,SiO2,Si-O,1.6879564718331301,1418.600480430967,72,2,Tetragonal,129,20.028100000000002,19.702784450430098
mp-600016,SiO2,Si-O,1.6464931871589799,969.5498613109172,48,2,Tetragonal,141,20.0281,20.198955443977443
mp-600018,SiO2,Si-O,1.9073766441898978,1255.4079810000228,72,2,Orthorhombic,67,20.028100000000002,17.43622195833365
mp-600022,SiO2,Si-O,1.479423592219989,2158.080011234513,96,2,Orthorhombic,59,20.0281,22.48000011702618
mp-600023,SiO2,Si-O,1.593567827712083,626.0940127158256,30,2,Cubic,225,20.028100000000002,20.869800423860852
mp-600024,SiO2,Si-O,1.6445432633285864,1941.3989000548418,96,2,Orthorhombic,62,20.0281,20.222905208904603
mp-600026,SiO2,Si-O,2.068724328157123,578.7469672245207,36,2,Orthorhombic,58,20.028100000000002,16.076304645125575
mp-600027,SiO2,Si-O,1.6176690727742566,1480.2383887963422,72,2,Orthorhombic,63,20.028100000000002,20.55886651106031
mp-600028,SiO2,Si-O,1.9322917876300902,1239.2206380103078,72,2,Cubic,230,20.028100000000002,17.211397750143163
mp-600029,SiO2,Si-O,1.8935817233792505,1264.5537461228737,72,2,Orthorhombic,63,20.028100000000002,17.5632464739288
mp-600031,SiO2,Si-O,1.8964932605522369,1052.176980050616,60,2,Orthorhombic,74,20.028100000000002,17.5362830008436
mp-600032,SiO2,Si-O,1.5119970183355016,1583.6908623835047,72,2,Orthorhombic,63,20.028100000000002,21.99570642199312
mp-600033,SiO2,Si-O,1.676060723087305,714.3344596364926,36,2,Cubic,229,20.028100000000002,19.84262387879146
mp-600037,SiO2,Si-O,1.6751301902337434,952.9750287866326,48,2,Orthorhombic,74,20.0281,19.853646433054845
mp-600038,SiO2,Si-O,1.6275734713820247,613.0127415629973,30,2,Orthorhombic,51,20.028100000000002,20.43375805209991
mp-600039,SiO2,Si-O,1.8501767305576793,1294.2200722453572,72,2,Orthorhombic,63,20.028100000000002,17.975278781185516
mp-600041,SiO2,Si-O,1.809066053122584,882.4206493200877,48,2,Orthorhombic,64,20.0281,18.383763527501827
mp-600045,SiO2,Si-O,1.7822820960578187,895.681578572942,48,2,Orthorhombic,64,20.0281,18.660032886936293
mp-600049,SiO2,Si-O,1.8357270650935742,869.6048947657621,48,2,Orthorhombic,20,20.0281,18.116768640953378
mp-600050,SiO2,Si-O,1.6412849541900525,1458.9397506971623,72,2,Orthorhombic,53,20.028100000000002,20.263052093016142
mp-600051,SiO2,Si-O,1.8108208709613665,1322.3482787768937,72,2,Orthorhombic,64,20.028100000000002,18.365948316345747
mp-600052,SiO2,Si-O,1.9067717923713712,1046.5051767377715,60,2,Orthorhombic,63,20.028100000000002,17.441752945629524
mp-600053,SiO2,Si-O,1.7002889442386242,1643.0296636756882,84,2,Orthorhombic,59,20.028100000000002,19.5598769485201
mp-600054,SiO2,Si-O,1.4923010706945412,4278.914684464813,192,2,Tetragonal,91,20.0281,22.28601398158757
mp-600055,SiO2,Si-O,1.7395458729643734,1605.9508493692322,84,2,Orthorhombic,38,20.028100000000002,19.11846249249086
mp-600057,SiO2,Si-O,1.711744162289551,1398.8865361084195,72,2,Orthorhombic,74,20.028100000000002,19.42897966817249
mp-600059,SiO2,Si-O,1.9873424982774288,853.466159108571,51,2,Tetragonal,81,20.0281,16.734630570756295
mp-600060,SiO2,Si-O,1.729665882390115,2768.7842909639658,144,2,Orthorhombic,62,20.028100000000002,19.22766868724976
mp-600061,SiO2,Si-O,1.7535984729412415,1365.4983731097677,72,2,Orthorhombic,51,20.028100000000002,18.965255182080107
mp-600063,SiO2,Si-O,1.7139644548088406,1397.0743997465818,72,2,Orthorhombic,63,20.028100000000002,19.403811107591412
mp-600065,SiO2,Si-O,1.9669936687326732,1217.3581948699555,72,2,Orthorhombic,64,20.028100000000002,16.90775270652716
mp-600067,SiO2,Si-O,1.3724296346377667,2035.532534198896,84,2,Tetragonal,119,20.028100000000002,24.232530169034476
mp-600068,SiO2,Si-O,1.6069094977510427,1241.791497509309,60,2,Orthorhombic,66,20.028100000000002,20.696524958488485
mp-600070,SiO2,Si-O,1.723411257794827,1852.5551971871892,96,2,Orthorhombic,57,20.0281,19.297449970699887
mp-600071,SiO2,Si-O,1.8039983529978758,663.6746252871601,36,2,Orthorhombic,42,20.028100000000002,18.43540625797667
mp-600072,SiO2,Si-O,1.4768376509975694,3242.788210703574,144,2,Tetragonal,129,20.028100000000002,22.519362574330373
mp-600076,SiO2,Si-O,1.8703282015846519,2133.7929352544,120,2,Tetragonal,126,20.028100000000002,17.78160779378667
mp-600078,SiO2,Si-O,1.6299286326585345,1101.828546620185,54,2,Tetragonal,141,20.0281,20.404232344818244
mp-600080,SiO2,Si-O,1.4590351261464467,4376.473774077263,192,2,Tetragonal,131,20.0281,22.79413423998575
mp-600083,SiO2,Si-O,1.6444918960591979,3640.2366403069836,180,2,Orthorhombic,59,20.0281,20.223536890594353
mp-600084,SiO2,Si-O,1.8422238392115031,1733.0763040637034,96,2,Orthorhombic,72,20.0281,18.052878167330245
mp-600085,SiO2,Si-O,1.4805262888966166,2156.4726722266673,96,2,Tetragonal,139,20.0281,22.463257002361118
mp-600091,SiO2,Si-O,1.7593398885273765,1020.7816625586802,54,2,Orthorhombic,44,20.0281,18.90336412145704
mp-600096,SiO2,Si-O,0.8285915695425691,2889.8868271263755,72,2,Cubic,217,20.028100000000002,40.13731704342188
mp-600098,SiO2,Si-O,1.5991868531330726,1996.4611866735024,96,2,Orthorhombic,63,20.0281,20.79647069451565
mp-600109,SiO2,Si-O,1.7121864680210195,3496.3129113160967,180,2,Tetragonal,138,20.0281,19.42396061842276
mp-600111,SiO2,Si-O,1.613272253889742,1979.030182178365,96,2,Orthorhombic,63,20.0281,20.614897731024637
mp-604717,SiO2,Si-O,1.317956234233412,908.4276851127072,36,2,Tetragonal,92,20.028100000000002,25.234102364241867
mp-615993,SiO2,Si-O,1.8140142435890498,770.0119175130222,42,2,Monoclinic,12,20.028100000000002,18.333617083643386
mp-638033,SiO2,Si-O,2.3061412347013177,346.1100337738232,24,2,Tetragonal,95,20.0281,14.421251407242634
mp-638035,SiO2,Si-O,3.222079185841289,185.79120218485738,18,2,Trigonal,167,20.028100000000002,10.321733454714298
mp-638038,SiO2,Si-O,1.9952274124267835,400.04393266573027,24,2,Tetragonal,125,20.0281,16.66849719440543
mp-638049,SiO2,Si-O,3.094817840073901,386.8621653402159,36,2,Cubic,210,20.028100000000002,10.746171259450442
mp-638900,Si3O7,Si-O,0.9704397225621314,671.6225726107249,20,2,Triclinic,1,19.62523,33.58112863053624
mp-639463,SiO2,Si-O,1.8908492628962963,316.5952872178218,18,2,Orthorhombic,51,20.028100000000002,17.588627067656766
mp-639478,SiO2,Si-O,1.4217870671389254,1684.1733317405847,72,2,Cubic,221,20.028100000000002,23.39129627417479
mp-639480,SiO2,Si-O,1.6717314465338393,1074.2765532947255,54,2,Tetragonal,131,20.0281,19.894010246198622
mp-639506,SiO2,Si-O,1.854004578798761,1291.5479763488484,72,2,Orthorhombic,24,20.028100000000002,17.938166338178448
mp-639511,SiO2,Si-O,1.6422204987336433,972.072412011876,48,2,Tetragonal,139,20.0281,20.25150858358075
mp-639512,SiO2,Si-O,1.755933853439469,2613.7243493716082,138,2,Cubic,223,20.028100000000002,18.940031517185567
mp-639558,SiO2,Si-O,1.55320169045212,1798.6235717981253,84,2,Orthorhombic,65,20.028100000000002,21.41218537854911
mp-639682,SiO2,Si-O,1.58982169377308,627.5692926413844,30,2,Tetragonal,119,20.028100000000002,20.91897642137948
mp-639695,SiO2,Si-O,1.721271990097395,927.4288145297897,48,2,Orthorhombic,51,20.0281,19.321433636037288
mp-639705,SiO2,Si-O,1.6261310357175365,1227.1130110333947,60,2,Tetragonal,141,20.028100000000002,20.451883517223244
mp-639724,SiO2,Si-O,1.6483862556130857,968.4363939722516,48,2,Orthorhombic,63,20.0281,20.17575820775524
mp-639733,SiO2,Si-O,1.811518524701814,1321.839014747692,72,2,Orthorhombic,29,20.028100000000002,18.358875204829058
mp-639734,SiO2,Si-O,1.7745634207968008,899.5774524319761,48,2,Tetragonal,139,20.0281,18.74119692566617
mp-639741,SiO2,Si-O,1.449546628789006,1651.9205483506967,72,2,Cubic,229,20.028100000000002,22.943340949315232
mp-639748,SiO2,Si-O,1.4490182931589237,2478.784298163184,108,2,Orthorhombic,60,20.0281,22.951706464473926
mp-640357,Al2SiO5,Si-Al-O,2.9921124465011517,359.72312765310147,32,3,Triclinic,2,20.25569715,11.241347739159421
mp-640556,SiO2,Si-O,2.249445830110738,1064.500344856563,72,2,Monoclinic,9,20.028100000000002,14.78472701189671
mp-640917,SiO2,Si-O,2.2756436881195006,131.53068922818633,9,2,Trigonal,154,20.028100000000002,14.614521025354037
mp-644923,SiO2,Si-O,1.6992833829447123,2818.289033980328,144,2,Tetragonal,119,20.028100000000002,19.57145162486339
mp-646895,SiO2,Si-O,1.6799211271750416,1900.5145127781043,96,2,Monoclinic,15,20.0281,19.79702617477192
mp-651707,SiO2,Si-O,1.933140803417479,1445.1224490555485,84,2,Monoclinic,15,20.028100000000002,17.20383867923272
mp-653763,SiO2,Si-O,1.6762487215168946,3333.186938601607,168,2,Orthorhombic,67,20.028100000000002,19.840398444057183
mp-662706,SiO2,Si-O,1.8472967684913637,1512.2774098096618,84,2,Monoclinic,12,20.028100000000002,18.00330249773407
mp-663422,SiO2,Si-O,2.0117100849370266,396.76622720448563,24,2,Triclinic,1,20.0281,16.531926133520233
mp-667368,SiO2,Si-O,1.622456377147193,1967.8276269791306,96,2,Orthorhombic,71,20.0281,20.498204447699276
mp-667371,SiO2,Si-O,1.8202988384500174,3069.4137832693964,168,2,Orthorhombic,57,20.028100000000002,18.27032013850831
mp-667373,SiO2,Si-O,1.7734538520759242,3150.490968720486,168,2,Orthorhombic,53,20.028100000000002,18.752922432860036
mp-667376,SiO2,Si-O,1.79727850990519,3108.728176303902,168,2,Orthorhombic,64,20.028100000000002,18.50433438276132
mp-667377,SiO2,Si-O,1.7983088563970027,3106.947021104082,168,2,Orthorhombic,64,20.028100000000002,18.49373226847668
mp-667383,SiO2,Si-O,1.7445321231237088,1601.3606944661433,84,2,Monoclinic,12,20.028100000000002,19.06381779126361
mp-667448,SiO2,Si-O,1.7485626503561218,2738.861957735806,144,2,Tetragonal,82,20.028100000000002,19.01987470649865
mp-669426,SiO2,Si-O,2.3555881574771846,338.84472465871204,24,2,Monoclinic,14,20.0281,14.118530194113001
mp-673168,SiO2,Si-O,1.4664353947197581,204.11194643411517,9,2,Monoclinic,5,20.028100000000002,22.67910515934613
mp-673849,Si6O13,Si-O,1.9511782215631506,1281.6903906413418,76,2,Monoclinic,6,19.816063157894735,16.86434724528081
mp-680204,SiO2,Si-O,2.0200475106236446,1086.6037532225982,66,2,Monoclinic,12,20.028100000000002,16.46369323064543
mp-680222,SiO2,Si-O,1.0697094030779817,4476.983851874166,144,2,Hexagonal,191,20.028100000000002,31.090165638015044
mp-683947,SiO2,Si-O,2.1517452978032923,370.94474956889024,24,2,Triclinic,2,20.0281,15.456031232037093
mp-683952,SiO2,Si-O,2.1381457338025203,2239.824745369951,144,2,Cubic,223,20.028100000000002,15.55433850951355
mp-683953,SiO2,Si-O,2.075510886627183,2307.418262479257,144,2,Cubic,230,20.028100000000002,16.02373793388373
mp-683970,SiO2,Si-O,1.5522171765416601,4113.747136379569,192,2,Orthorhombic,47,20.0281,21.425766335310257
mp-685105,SiO4,Si-O,1.9821639265592215,231.42523646269996,15,2,Triclinic,1,18.41662,15.42834909751333
mp-685184,SiO2,Si-O,2.2708496836906757,1318.0836445751347,90,2,Triclinic,1,20.0281,14.645373828612607
mp-6922,SiO2,Si-O,2.435363186396876,122.90445400834437,9,2,Hexagonal,180,20.028100000000002,13.656050445371598
mp-6930,SiO2,Si-O,2.6322575685205125,113.71113006405524,9,2,Trigonal,154,20.028100000000002,12.634570007117249
mp-6945,SiO2,Si-O,2.309027516318023,172.83869832405802,12,2,Tetragonal,92,20.0281,14.403224860338169
mp-6947,SiO2,Si-O,4.134211700498967,48.26667563572915,6,2,Tetragonal,136,20.0281,8.044445939288192
mp-7000,SiO2,Si-O,2.634242418262655,113.6254509687595,9,2,Trigonal,152,20.028100000000002,12.625050107639943
mp-7029,SiO2,Si-O,2.336017323458337,170.84175973661502,12,2,Tetragonal,96,20.0281,14.236813311384585
mp-707135,Al2Si4O11,Si-Al-O,2.468967167008239,230.217721085039,17,3,Triclinic,2,20.13520454117647,13.542218887355235
mp-7087,SiO2,Si-O,1.9706992687989644,202.51152300780183,12,2,Hexagonal,194,20.0281,16.875960250650152
mp-726107,Al(SiO3)2,Si-Al-O,1.7329363373275,1373.3167470404542,72,3,Tetragonal,142,19.905437622222223,19.073843708895197
mp-726892,Al(SiO3)2,Si-Al-O,2.5535360736057915,465.99507996106735,36,3,Monoclinic,15,19.905437622222223,12.944307776696315
mp-731836,Al(Si2O5)2,Si-Al-O,2.276124781183431,218.36608913850884,15,3,Monoclinic,5,19.954502573333336,14.55773927590059
mp-731864,Si6O13,Si-O,1.3226885441421063,945.3496773982312,38,2,Monoclinic,12,19.816063157894735,24.877623089427136
mp-731939,Al2Si2O7,Si-Al-O,2.1122842026328095,349.2478322805713,22,3,Triclinic,1,20.1936252,15.874901467298695
mp-732264,Al(SiO3)2,Si-Al-O,2.621743162379323,226.9358920962138,18,3,Triclinic,2,19.905437622222223,12.607549560900766
mp-733790,SiO2,Si-O,2.254998357567127,1061.8792044143463,72,2,Triclinic,1,20.028100000000002,14.748322283532588
mp-755043,Al2Si2O7,Si-Al-O,3.196720094430079,230.77112075448227,22,3,Monoclinic,15,20.1936252,10.489596397931011
mp-7648,SiO2,Si-O,2.148979200827146,185.71110886565558,12,2,Orthorhombic,20,20.0281,15.475925738804632
mp-772413,Al8SiO14,Si-Al-O,2.901802423257098,1071.0792141897593,92,3,Orthorhombic,62,20.34475690434783,11.642165371627819
mp-7905,SiO2,Si-O,2.342949645189757,85.16813648432405,6,2,Orthorhombic,72,20.0281,14.19468941405401
mp-8059,SiO2,Si-O,2.2473874776811256,355.1584355418974,24,2,Cubic,198,20.0281,14.798268147579059
mp-8352,SiO2,Si-O,1.9707343297772915,101.25396008094606,6,2,Cubic,227,20.0281,16.87566001349101
mp-8602,SiO2,Si-O,1.6747280149618162,2025.558244306005,102,2,Hexagonal,191,20.0281,19.858414159862793
mp-862998,Si2O5,Si-O,2.3328306979016746,193.8522878150404,14,2,Orthorhombic,46,19.452571428571428,13.8465919867886
mp-9258,SiO2,Si-O,4.415008882327144,90.39377291229376,12,2,Cubic,205,20.0281,7.532814409357813
mp-936187,SiO4,Si-O,2.0362895625081605,225.27383327878908,15,2,Triclinic,1,18.41662,15.018255551919273
mp-9515,Al2SiO5,Si-Al-O,3.868658143351877,139.10922181051302,16,3,Monoclinic,15,20.25569715,8.694326363157064
mp-9516,Al2SiO5,Si-Al-O,3.5437395110562657,151.86387771830758,16,3,Orthorhombic,63,20.25569715,9.491492357394224
mp-972808,SiO2,Si-O,2.3004191283391373,173.4854772325664,12,2,Monoclinic,4,20.0281,14.457123102713867
mp-985570,SiO2,Si-O,2.3577983813543613,338.52708821149986,24,2,Monoclinic,14,20.0281,14.105295342145828
mp-985590,SiO2,Si-O,2.122090946812149,376.12837556690044,24,2,Orthorhombic,58,20.0281,15.672015648620851
